{"cameraMode":{"drawMode":0,"name":"Shaded","section":"Shading Mode"},"sceneLighting":true,"audioPlay":false,"sceneViewState":{"m_AlwaysRefresh":false,"showFog":true,"showSkybox":true,"showFlares":true,"showImageEffects":true,"showParticleSystems":true,"showVisualEffectGraphs":true,"m_FxEnabled":true},"in2DMode":false,"pivot":{"x":135.14537048339845,"y":55.869266510009769,"z":-79.80570220947266},"rotation":{"x":-0.014319654554128647,"y":0.8575632572174072,"z":-0.023937875404953958,"w":-0.5136843919754028},"size":65.56092071533203,"orthographic":true}