{"cameraMode":{"drawMode":0,"name":"Shaded","section":"Shading Mode"},"sceneLighting":true,"audioPlay":false,"sceneViewState":{"m_AlwaysRefresh":false,"showFog":true,"showSkybox":true,"showFlares":true,"showImageEffects":true,"showParticleSystems":true,"showVisualEffectGraphs":true,"m_FxEnabled":true},"in2DMode":false,"pivot":{"x":132.88922119140626,"y":75.22578430175781,"z":-86.15831756591797},"rotation":{"x":-0.2262953221797943,"y":0.015205887146294117,"z":-0.0035257271956652405,"w":-0.9739522933959961},"size":43.532073974609378,"orthographic":true}