{"cameraMode":{"drawMode":0,"name":"Shaded","section":"Shading Mode"},"sceneLighting":false,"audioPlay":false,"sceneViewState":{"m_AlwaysRefresh":false,"showFog":true,"showSkybox":false,"showFlares":true,"showImageEffects":true,"showParticleSystems":true,"showVisualEffectGraphs":true,"m_FxEnabled":true},"in2DMode":false,"pivot":{"x":34.04464340209961,"y":46.451210021972659,"z":19.436738967895509},"rotation":{"x":-0.2262953221797943,"y":0.015205887146294117,"z":-0.0035257271956652405,"w":-0.9739522933959961},"size":2.4494898319244386,"orthographic":true}